Review_Number,ReviewLink,CR,DR,SR,TR,LRP
143162,https://review.opendev.org/#/c/143162/,FALSE,TRUE,FALSE,TRUE,FALSE
492056,https://review.opendev.org/#/c/492056/,FALSE,FALSE,FALSE,FALSE,TRUE
527775,https://review.opendev.org/#/c/527775/,FALSE,FALSE,FALSE,FALSE,TRUE
41131,https://review.opendev.org/#/c/41131/,FALSE,FALSE,TRUE,FALSE,FALSE
831,https://review.opendev.org/#/c/831/,FALSE,FALSE,FALSE,FALSE,FALSE
259108,https://review.opendev.org/#/c/259108/,FALSE,FALSE,FALSE,FALSE,FALSE
28489,https://review.opendev.org/#/c/28489/,FALSE,FALSE,FALSE,FALSE,FALSE
289457,https://review.opendev.org/#/c/289457/,FALSE,FALSE,FALSE,FALSE,FALSE
320375,https://review.opendev.org/#/c/320375/,FALSE,TRUE,FALSE,FALSE,FALSE
185704,https://review.opendev.org/#/c/185704/,FALSE,TRUE,FALSE,FALSE,FALSE
257339,https://review.opendev.org/#/c/257339/,TRUE,FALSE,FALSE,FALSE,TRUE
403035,https://review.opendev.org/#/c/403035/,FALSE,TRUE,FALSE,FALSE,FALSE
378746,https://review.opendev.org/#/c/378746/,TRUE,TRUE,FALSE,FALSE,FALSE
612400,https://review.opendev.org/#/c/612400/,FALSE,FALSE,TRUE,FALSE,TRUE
4618,https://review.opendev.org/#/c/4618/,FALSE,FALSE,FALSE,FALSE,FALSE
72800,https://review.opendev.org/#/c/72800/,FALSE,TRUE,FALSE,FALSE,FALSE
66633,https://review.opendev.org/#/c/66633/,FALSE,FALSE,FALSE,FALSE,FALSE
3421,https://review.opendev.org/#/c/3421/,FALSE,FALSE,FALSE,FALSE,FALSE
567926,https://review.opendev.org/#/c/567926/,FALSE,TRUE,FALSE,FALSE,TRUE
63708,https://review.opendev.org/#/c/63708/,TRUE,FALSE,FALSE,FALSE,TRUE
184086,https://review.opendev.org/#/c/184086/,TRUE,TRUE,FALSE,FALSE,FALSE
7389,https://review.opendev.org/#/c/7389/,FALSE,FALSE,FALSE,FALSE,FALSE
7633,https://review.opendev.org/#/c/7633/,TRUE,FALSE,FALSE,FALSE,FALSE
72374,https://review.opendev.org/#/c/72374/,FALSE,FALSE,FALSE,FALSE,FALSE
28754,https://review.opendev.org/#/c/28754/,TRUE,FALSE,FALSE,FALSE,FALSE
11207,https://review.opendev.org/#/c/11207/,FALSE,FALSE,FALSE,FALSE,FALSE
67428,https://review.opendev.org/#/c/67428/,FALSE,TRUE,FALSE,FALSE,FALSE
14508,https://review.opendev.org/#/c/14508/,FALSE,FALSE,FALSE,FALSE,FALSE
100018,https://review.opendev.org/#/c/100018/,FALSE,FALSE,FALSE,FALSE,TRUE
43108,https://review.opendev.org/#/c/43108/,FALSE,FALSE,FALSE,FALSE,FALSE
130992,https://review.opendev.org/#/c/130992/,FALSE,TRUE,FALSE,FALSE,FALSE
82073,https://review.opendev.org/#/c/82073/,TRUE,FALSE,FALSE,FALSE,FALSE
57913,https://review.opendev.org/#/c/57913/,TRUE,FALSE,FALSE,FALSE,FALSE
10798,https://review.opendev.org/#/c/10798/,FALSE,FALSE,FALSE,FALSE,FALSE
457858,https://review.opendev.org/#/c/457858/,TRUE,FALSE,FALSE,FALSE,FALSE
144579,https://review.opendev.org/#/c/144579/,FALSE,FALSE,TRUE,FALSE,TRUE
31918,https://review.opendev.org/#/c/31918/,FALSE,FALSE,FALSE,FALSE,TRUE
36956,https://review.opendev.org/#/c/36956/,FALSE,FALSE,TRUE,FALSE,FALSE
105514,https://review.opendev.org/#/c/105514/,FALSE,TRUE,FALSE,FALSE,FALSE
13898,https://review.opendev.org/#/c/13898/,FALSE,FALSE,FALSE,FALSE,FALSE
640360,https://review.opendev.org/#/c/640360/,FALSE,FALSE,TRUE,FALSE,FALSE
11219,https://review.opendev.org/#/c/11219/,FALSE,FALSE,FALSE,FALSE,FALSE
30440,https://review.opendev.org/#/c/30440/,TRUE,FALSE,FALSE,TRUE,TRUE
441258,https://review.opendev.org/#/c/441258/,FALSE,FALSE,FALSE,FALSE,TRUE
227501,https://review.opendev.org/#/c/227501/,TRUE,FALSE,FALSE,FALSE,TRUE
116941,https://review.opendev.org/#/c/116941/,FALSE,FALSE,FALSE,FALSE,FALSE
88093,https://review.opendev.org/#/c/88093/,FALSE,FALSE,TRUE,FALSE,TRUE
645033,https://review.opendev.org/#/c/645033/,FALSE,FALSE,FALSE,FALSE,FALSE
451043,https://review.opendev.org/#/c/451043/,FALSE,FALSE,FALSE,FALSE,FALSE
385212,https://review.opendev.org/#/c/385212/,FALSE,FALSE,FALSE,FALSE,TRUE
23168,https://review.opendev.org/#/c/23168/,TRUE,FALSE,TRUE,FALSE,FALSE
90634,https://review.opendev.org/#/c/90634/,FALSE,FALSE,FALSE,FALSE,TRUE
457587,https://review.opendev.org/#/c/457587/,FALSE,FALSE,FALSE,FALSE,FALSE
382669,https://review.opendev.org/#/c/382669/,FALSE,FALSE,FALSE,FALSE,FALSE
82094,https://review.opendev.org/#/c/82094/,FALSE,FALSE,FALSE,FALSE,FALSE
415520,https://review.opendev.org/#/c/415520/,TRUE,TRUE,FALSE,FALSE,TRUE
476029,https://review.opendev.org/#/c/476029/,FALSE,FALSE,FALSE,FALSE,TRUE
33373,https://review.opendev.org/#/c/33373/,FALSE,FALSE,FALSE,FALSE,FALSE
413439,https://review.opendev.org/#/c/413439/,FALSE,FALSE,FALSE,FALSE,TRUE
378952,https://review.opendev.org/#/c/378952/,FALSE,FALSE,FALSE,FALSE,FALSE
377028,https://review.opendev.org/#/c/377028/,TRUE,TRUE,FALSE,FALSE,FALSE
180518,https://review.opendev.org/#/c/180518/,FALSE,TRUE,FALSE,FALSE,FALSE
154434,https://review.opendev.org/#/c/154434/,FALSE,FALSE,FALSE,FALSE,FALSE
70228,https://review.opendev.org/#/c/70228/,FALSE,FALSE,FALSE,FALSE,TRUE
44362,https://review.opendev.org/#/c/44362/,FALSE,FALSE,TRUE,FALSE,TRUE
86869,https://review.opendev.org/#/c/86869/,TRUE,FALSE,FALSE,TRUE,FALSE
578821,https://review.opendev.org/#/c/578821/,FALSE,FALSE,FALSE,FALSE,FALSE
146113,https://review.opendev.org/#/c/146113/,TRUE,FALSE,FALSE,TRUE,TRUE
522947,https://review.opendev.org/#/c/522947/,FALSE,FALSE,FALSE,FALSE,TRUE
423153,https://review.opendev.org/#/c/423153/,FALSE,FALSE,FALSE,FALSE,TRUE
100256,https://review.opendev.org/#/c/100256/,FALSE,FALSE,FALSE,TRUE,TRUE
318447,https://review.opendev.org/#/c/318447/,FALSE,TRUE,FALSE,FALSE,FALSE
452938,https://review.opendev.org/#/c/452938/,FALSE,FALSE,FALSE,FALSE,TRUE
350299,https://review.opendev.org/#/c/350299/,TRUE,TRUE,FALSE,FALSE,TRUE
202534,https://review.opendev.org/#/c/202534/,TRUE,FALSE,FALSE,FALSE,FALSE
263674,https://review.opendev.org/#/c/263674/,FALSE,FALSE,FALSE,FALSE,FALSE
5856,https://review.opendev.org/#/c/5856/,TRUE,FALSE,FALSE,FALSE,FALSE
253067,https://review.opendev.org/#/c/253067/,FALSE,TRUE,FALSE,FALSE,FALSE
141025,https://review.opendev.org/#/c/141025/,FALSE,FALSE,TRUE,FALSE,FALSE
387374,https://review.opendev.org/#/c/387374/,FALSE,FALSE,FALSE,FALSE,FALSE
372304,https://review.opendev.org/#/c/372304/,FALSE,FALSE,FALSE,FALSE,FALSE
328259,https://review.opendev.org/#/c/328259/,FALSE,FALSE,FALSE,FALSE,TRUE
95192,https://review.opendev.org/#/c/95192/,FALSE,FALSE,FALSE,FALSE,FALSE
506730,https://review.opendev.org/#/c/506730/,FALSE,FALSE,TRUE,FALSE,FALSE
230983,https://review.opendev.org/#/c/230983/,FALSE,TRUE,FALSE,FALSE,FALSE
130548,https://review.opendev.org/#/c/130548/,FALSE,TRUE,FALSE,FALSE,TRUE
109662,https://review.opendev.org/#/c/109662/,FALSE,FALSE,TRUE,FALSE,FALSE
537642,https://review.opendev.org/#/c/537642/,TRUE,FALSE,FALSE,FALSE,FALSE
663041,https://review.opendev.org/#/c/663041/,FALSE,FALSE,FALSE,FALSE,FALSE
124114,https://review.opendev.org/#/c/124114/,TRUE,TRUE,FALSE,FALSE,FALSE
548617,https://review.opendev.org/#/c/548617/,FALSE,FALSE,FALSE,FALSE,TRUE
1189,https://review.opendev.org/#/c/1189/,FALSE,FALSE,FALSE,FALSE,FALSE
140796,https://review.opendev.org/#/c/140796/,FALSE,FALSE,TRUE,FALSE,FALSE
505839,https://review.opendev.org/#/c/505839/,FALSE,FALSE,TRUE,FALSE,FALSE
46585,https://review.opendev.org/#/c/46585/,FALSE,FALSE,FALSE,FALSE,TRUE
39638,https://review.opendev.org/#/c/39638/,FALSE,FALSE,FALSE,FALSE,FALSE
527878,https://review.opendev.org/#/c/527878/,FALSE,FALSE,FALSE,FALSE,FALSE
373609,https://review.opendev.org/#/c/373609/,FALSE,FALSE,FALSE,FALSE,TRUE
10639,https://review.opendev.org/#/c/10639/,FALSE,FALSE,FALSE,FALSE,TRUE
482,https://review.opendev.org/#/c/482/,FALSE,FALSE,TRUE,FALSE,FALSE
